q14,q15,,,,q18,q20,q22,q24
刺激1,刺激・印象,五感,,,気持ち,気持ちになりたい理由,気持ちによってできる事,実現できる生活
,,コード1,コード2,コード3,,,,
10,3,1,100,100,19,6,5,5
6,9,1,100,100,2,10,8,7
1,1,99,100,100,6,5,2,6
1,6,3,100,100,2,13,13,5
2,5,1,100,100,17,13,13,10
3,9,5,100,100,15,6,8,5
4,9,100,100,21,3,16,1,5
1,5,100,100,100,1,2,13,12
1,6,1,100,21,17,2,7,10
8,5,1,100,100,19,13,8,10
1,6,6,100,100,17,11,10,10
6,5,1,100,100,17,9,13,3
4,9,100,100,100,1,9,1,9
5,4,100,13,100,8,13,5,3
6,5,6,100,100,6,4,2,5
10,12,100,11,100,19,9,1,3
8,11,1,100,100,4,18,2,5
7,15,7,100,100,7,1,5,10
1,6,99,100,100,17,4,1,5
4,9,100,100,100,1,13,13,5
10,12,100,12,100,17,13,2,3
1,19,3,100,100,1,4,13,6
2,9,99,100,100,3,3,1,10
1,6,7,100,100,13,13,8,3
4,19,1,100,100,14,10,13,5
4,1,1,100,100,1,9,1,5
3,8,100,100,100,18,11,3,12
4,12,1,100,23,8,16,12,2
8,6,1,100,100,4,4,8,3
4,9,1,100,100,3,17,12,9
4,17,1,100,100,6,15,2,5
2,16,100,15,100,6,8,5,6
1,6,100,11,100,1,9,8,3
4,2,99,100,100,7,5,12,3
4,9,100,14,100,1,11,13,6
9,10,2,100,100,17,8,13,6
1,13,2,100,100,6,7,1,8
2,18,7,100,100,9,18,9,7
2,6,99,100,100,15,9,14,11
3,6,2,100,100,2,8,13,3
3,1,1,100,100,1,7,9,7
3,12,3,100,100,19,6,3,5
4,5,7,100,100,2,6,1,7
4,5,2,100,100,7,12,1,5
2,9,99,100,100,5,8,1,7
4,5,100,15,100,12,7,9,5
4,19,1,100,100,15,3,10,6
4,9,2,100,100,1,10,13,5
1,17,7,100,100,4,5,10,11
2,5,1,100,100,8,1,7,10
4,19,100,14,100,3,5,1,4
1,6,7,100,100,19,9,1,5
6,19,99,100,100,12,7,4,5
1,6,2,100,100,13,14,7,10
2,9,2,14,100,15,11,8,3
1,6,2,100,100,6,10,13,9
1,4,1,100,100,17,8,1,5
2,9,2,100,100,14,11,8,5
8,14,100,11,100,15,9,8,4
9,19,1,100,100,17,12,14,5
10,9,2,100,100,17,11,10,5
4,6,7,100,100,14,9,3,9
1,4,99,100,100,12,4,9,9
4,19,99,100,100,11,17,9,9
8,15,2,100,100,17,9,2,5
4,1,100,13,100,3,7,13,5
3,2,7,100,100,9,13,12,11
1,9,1,100,100,1,13,13,5
6,5,99,100,100,15,10,14,6
4,3,99,100,100,15,8,2,6
3,12,99,100,100,13,13,13,3
3,2,1,100,100,17,13,14,12
1,6,2,100,100,17,13,13,5
4,9,2,100,100,7,1,7,10
4,5,99,100,100,19,14,4,7
1,6,1,100,100,17,1,1,6
4,11,6,100,100,13,11,1,5
1,6,100,12,100,13,10,13,11
6,5,1,100,100,15,10,13,6
2,5,1,100,100,1,2,1,3
4,9,100,12,100,15,9,13,5
8,5,1,13,100,17,9,13,6
7,18,99,100,100,12,10,8,8
2,5,99,100,100,19,9,6,6
4,6,1,100,100,18,9,13,4
6,2,100,100,100,17,1,5,1
1,9,1,100,100,14,9,13,10
2,6,99,100,100,1,5,13,2
1,6,1,16,100,13,16,1,5
4,3,100,100,100,3,17,12,6
4,9,3,100,100,4,9,8,5
4,5,1,100,100,17,6,8,3
4,6,99,100,100,6,9,1,6
1,2,99,100,100,19,4,14,5
2,5,1,100,100,1,11,13,6
2,17,1,100,100,13,6,13,1
1,6,1,100,100,15,9,7,6
9,9,1,100,100,10,11,7,3
1,6,100,14,100,8,12,7,6
2,5,99,100,100,1,19,1,5
1,6,99,100,100,13,13,1,3
1,1,100,13,100,3,1,3,5
4,10,2,100,100,4,9,13,5
6,19,5,100,100,15,5,8,3
6,5,6,100,100,15,10,14,3
10,6,1,100,100,1,13,13,6
4,3,100,11,100,13,1,1,3
3,6,3,100,100,15,6,1,3
6,5,1,100,100,13,10,13,6
4,12,7,100,100,20,12,13,4
1,6,100,16,100,13,4,1,3
1,6,2,13,100,8,2,7,10
1,8,99,100,100,16,13,1,4
2,11,1,100,100,19,5,9,5
1,2,1,100,100,4,11,13,10
4,8,1,100,100,1,13,13,10
1,5,100,12,100,1,14,8,6
4,9,7,14,100,4,13,2,10
1,4,7,100,100,7,2,12,11
6,5,100,13,100,19,12,13,5
1,6,1,100,100,15,2,6,10
2,5,6,100,100,17,9,15,13
10,20,7,100,100,6,2,13,9
2,6,6,100,100,19,2,1,10
8,15,99,100,100,9,2,6,1
1,4,7,14,100,13,4,1,3
8,4,7,100,100,6,16,13,7
1,6,7,100,100,1,13,13,5
4,3,99,100,100,14,13,14,6
4,19,2,14,100,15,13,13,6
1,6,6,100,100,15,9,8,5
6,12,99,100,100,8,3,7,7
3,5,99,100,100,13,14,7,4
5,15,1,100,100,3,7,14,4
8,6,2,100,100,13,1,7,8
5,7,7,100,100,12,7,9,10
9,19,1,100,100,12,18,4,5
10,12,1,100,100,1,13,8,3
3,8,100,100,21,18,3,14,10
6,5,1,100,100,13,4,7,10
3,12,7,100,100,12,13,3,3
1,6,6,100,100,19,2,2,5
5,19,100,13,100,7,1,5,11
1,6,3,100,100,13,4,2,5
10,2,99,100,100,4,9,2,3
4,3,1,13,100,4,9,8,4
1,6,99,100,100,6,4,8,4
1,8,99,100,100,13,14,7,11
6,5,1,100,100,3,11,11,5
6,17,2,100,100,1,8,1,12
3,2,1,100,100,16,13,14,4
2,3,1,100,100,19,9,13,6
1,6,100,16,100,13,13,6,10
1,6,3,100,100,15,2,1,3
2,5,1,100,100,17,13,13,3
3,19,100,13,100,3,6,1,4
1,6,1,100,100,4,11,11,5
8,1,100,100,21,15,9,13,5
1,2,2,15,100,17,2,1,3
2,6,5,100,100,13,13,13,6
2,6,100,15,100,6,17,12,10
3,1,7,100,100,3,3,13,3
4,6,100,16,100,13,1,5,12
1,3,1,100,100,19,10,13,6
4,20,99,100,100,20,5,13,6
4,3,1,100,100,14,11,1,5
3,18,100,100,100,7,18,3,1
1,6,1,13,100,2,4,13,5
4,6,99,100,100,17,1,6,6
4,15,2,100,100,1,13,3,10
8,6,1,11,100,6,16,1,4
2,9,99,100,100,3,4,3,9
10,1,4,12,100,15,9,1,6
1,6,1,100,100,17,4,1,3
1,4,99,100,100,15,13,2,12
4,12,2,100,100,1,9,8,5
4,1,4,100,100,15,1,1,5
1,5,99,100,100,17,12,13,5
6,10,1,100,100,17,11,13,6
4,3,6,13,100,4,13,13,6
10,19,99,100,100,19,10,14,3
6,18,7,100,100,3,16,8,1
6,1,9,100,100,17,11,14,6
3,16,100,100,100,19,16,10,7
2,9,100,11,100,4,9,13,2
9,3,8,100,100,15,9,1,5
6,8,99,100,100,15,11,14,6
1,2,1,100,100,13,5,2,11
4,1,100,14,100,15,13,1,3
1,4,99,100,100,13,6,7,3
1,6,2,100,100,1,4,3,6
7,19,7,13,100,17,9,1,5
3,6,2,100,100,6,9,1,3
3,12,1,100,100,11,8,5,4
2,6,6,100,100,17,2,1,5
6,9,6,13,100,11,13,13,1
1,8,100,100,100,6,16,13,5
2,4,100,100,100,16,2,6,4
5,5,1,100,100,17,9,8,5
2,3,7,100,100,19,9,1,11
1,12,100,100,100,19,9,2,9
3,10,5,100,100,8,1,6,10
5,9,1,100,100,8,4,14,11
4,2,1,100,100,5,6,5,11
9,6,100,12,100,15,14,5,7
5,11,100,100,100,15,4,10,10
10,16,1,100,100,15,8,8,3
2,5,99,100,100,6,9,7,12
6,19,2,100,100,3,7,8,10
6,5,2,100,100,17,9,10,12
8,9,99,100,100,1,6,13,5
1,6,7,100,100,4,11,14,6
4,8,99,100,100,14,9,1,6
2,5,1,100,100,1,9,13,5
10,20,99,100,100,19,9,1,3
1,6,7,100,100,13,4,5,10
6,3,99,100,100,13,13,1,3
1,6,6,100,100,17,4,5,7
1,4,2,100,100,13,2,1,10
4,1,100,100,100,11,9,9,9
1,6,1,100,100,6,13,2,3
3,2,99,100,100,11,1,8,1
2,8,1,100,100,15,5,4,4
2,6,1,100,100,19,13,14,6
10,3,1,100,100,19,13,13,5
3,12,100,100,100,16,16,11,2
4,1,7,100,100,1,4,8,3
8,9,1,100,100,17,2,2,5
6,5,99,100,100,17,4,7,10
6,5,1,100,100,15,10,13,6
4,1,1,100,100,19,9,10,3
3,3,99,100,100,4,9,1,4
10,15,7,100,100,8,16,12,2
1,6,1,100,100,6,13,7,10
6,3,1,13,100,1,10,13,5
4,9,100,15,100,15,13,15,5
4,6,100,100,100,15,12,12,4
1,6,1,100,100,13,1,5,12
4,1,6,100,100,8,13,3,5
1,6,7,100,100,7,2,6,10
1,6,1,100,21,9,14,1,4
4,3,2,100,100,11,7,4,1
1,6,1,100,100,13,1,7,10
4,3,99,100,100,1,9,13,4
9,6,100,100,100,6,4,2,6
1,4,7,100,100,6,4,13,6
3,11,6,100,100,15,13,13,5
3,12,2,100,100,1,13,13,5
1,2,2,100,100,19,13,1,4
1,3,100,11,100,13,4,13,5
8,8,4,100,100,19,6,8,3
2,3,3,100,100,4,5,13,5
1,6,99,100,100,2,10,13,10
3,5,99,100,100,7,14,3,10
6,5,100,100,100,18,13,8,2
2,8,7,100,100,6,4,3,7
3,13,7,100,100,15,10,13,5
6,15,100,100,100,9,12,11,1
4,12,99,100,100,1,8,8,9
6,3,100,15,100,2,14,7,6
3,12,2,100,100,1,7,3,9
4,19,1,100,100,13,13,13,5
3,12,99,100,100,13,11,13,1
8,2,6,100,100,16,2,2,13
1,6,99,100,100,6,16,15,13
6,5,99,100,100,2,10,13,5
1,8,1,100,100,6,2,10,7
4,5,99,100,100,1,9,10,7
2,17,1,100,100,9,18,11,5
4,9,100,100,100,15,11,2,12
1,5,99,100,100,16,11,13,9
4,9,1,100,100,16,6,1,2
6,8,1,100,100,15,10,14,6
3,12,7,100,100,12,15,8,4
4,5,1,100,100,10,9,14,5
3,18,7,100,100,11,3,6,8
3,12,7,100,100,19,2,6,5
1,18,99,100,100,7,5,6,6
8,5,1,15,100,19,11,7,3
4,6,7,100,100,13,2,1,10
5,15,99,100,100,14,8,1,11
2,3,7,100,100,15,13,7,5
3,8,99,100,100,1,10,14,6
3,5,7,100,100,9,4,1,5
1,9,9,100,100,13,4,13,7
1,6,2,100,100,4,9,13,5
9,6,1,100,100,1,9,2,11
1,5,3,100,100,13,11,14,9
6,3,1,100,100,15,10,14,6
6,5,6,100,100,15,9,13,5
1,5,1,100,100,1,11,6,5
4,19,4,100,100,11,7,13,5
1,9,7,100,100,7,17,1,5
4,12,100,14,100,3,4,1,3
6,5,2,100,100,8,1,5,10
4,10,100,100,100,19,11,13,3
8,4,8,100,100,6,10,13,6
1,5,2,13,100,4,11,1,10
1,9,100,11,100,14,11,8,11
3,6,7,100,100,1,10,13,4
7,18,99,100,100,18,7,9,2
6,19,7,100,100,17,13,14,6
6,13,99,100,100,2,8,14,6
9,4,1,100,100,13,11,1,7
4,19,1,100,100,19,10,13,6
2,17,99,100,100,4,11,10,4
3,2,99,100,100,2,15,4,11
6,9,1,100,100,4,9,13,1
4,19,100,13,100,5,13,14,3
4,5,3,100,100,19,2,1,10
1,4,6,100,100,4,9,1,3
1,6,1,100,100,17,13,5,5
1,5,1,100,100,13,5,7,10
1,4,100,15,100,9,5,6,2
2,5,1,16,100,10,13,13,5
3,15,1,100,100,3,13,13,6
4,3,3,100,100,14,8,14,6
9,8,99,100,100,14,9,10,3
10,5,1,100,100,17,10,6,10
3,9,100,100,100,7,8,8,3
1,6,100,13,100,13,11,14,6
1,4,2,100,100,6,14,2,10
4,19,1,100,100,11,7,14,3
1,6,1,100,100,7,14,7,3
3,12,7,100,100,12,6,13,11
1,15,100,100,100,5,9,3,9
1,17,3,100,100,15,2,13,5
8,2,100,13,100,19,9,8,3
1,6,100,13,23,6,13,13,6
2,6,99,100,100,13,19,15,13
3,6,99,100,100,15,13,13,6
4,1,7,100,100,13,11,13,5
6,9,99,100,100,15,10,6,5
2,4,7,100,100,6,11,12,10
1,10,1,100,100,17,9,6,6
3,6,5,100,100,4,13,1,10
2,9,100,16,100,1,6,8,5
4,3,100,12,100,13,9,7,11
8,4,1,100,100,19,17,13,10
1,6,3,100,100,4,18,4,5
1,4,99,100,100,13,4,2,5
3,5,1,100,100,4,15,1,4
4,19,100,15,100,3,19,13,5
3,12,1,100,100,15,4,13,10
6,19,99,100,100,11,7,9,4
2,5,2,100,100,8,5,7,4
6,8,6,100,100,1,9,13,6
2,8,1,100,100,15,11,13,12
1,1,100,100,100,12,6,1,12
1,8,1,100,100,1,13,13,6
2,19,7,100,100,16,8,10,6
3,9,1,100,100,17,13,7,10
1,6,1,12,100,17,7,9,1
9,6,99,100,100,8,6,8,6
1,17,1,100,100,13,2,6,10
8,13,99,100,100,3,4,1,8
4,6,6,100,100,14,10,7,10
10,2,100,12,21,17,19,13,6
3,12,7,100,100,2,13,8,5
3,12,6,100,100,14,15,11,4
1,6,7,100,100,13,14,7,10
3,3,99,100,100,17,2,7,10
3,4,99,100,100,7,16,1,10
1,6,1,13,100,6,4,7,6
6,19,5,100,100,3,4,1,7
10,15,1,100,100,13,1,1,9
4,13,8,100,100,19,9,8,5
1,15,1,100,100,13,4,10,10
1,3,100,100,23,19,13,14,6
5,12,99,100,100,11,12,13,9
8,18,99,100,100,14,4,6,3
9,6,100,12,100,19,13,13,5
6,9,100,14,100,8,9,1,9
2,3,100,11,100,1,9,8,5
6,3,2,100,100,17,1,1,10
4,5,1,100,100,16,11,5,1
1,3,99,100,100,8,12,4,2
2,9,1,100,100,18,9,1,6
4,19,100,100,100,8,7,8,3
3,12,1,13,100,12,4,15,10
3,12,2,100,100,13,4,6,5
1,10,1,100,100,4,15,1,3
4,9,2,100,100,15,6,10,5
6,6,6,100,100,2,13,3,10
1,6,3,100,100,17,11,13,3
6,5,2,100,100,15,11,13,10
9,10,1,100,23,19,9,1,5
6,5,1,14,100,17,11,13,6
1,9,100,11,22,15,5,6,9
7,17,100,13,100,12,6,7,3
1,2,1,100,100,14,11,11,3
3,9,3,100,100,1,4,11,4
4,17,7,100,100,13,2,6,10
4,9,2,100,100,14,12,8,12
8,1,2,100,100,19,3,13,10
4,10,1,100,100,13,2,6,12
1,17,6,100,100,8,15,4,2
1,2,2,100,100,17,17,1,2
9,15,2,100,100,8,8,3,5
2,3,2,100,100,15,14,7,10
2,3,99,100,100,17,11,13,12
6,11,7,100,23,17,13,13,5
4,6,1,100,100,17,10,14,10
9,10,100,100,23,14,10,6,5
8,18,1,100,100,4,9,1,7
2,6,1,100,100,13,4,5,10
4,15,100,100,100,19,13,1,5
6,3,1,100,100,17,9,1,5
6,9,1,100,100,4,1,7,2
6,5,6,100,100,15,13,13,10
4,2,100,13,100,13,13,13,11
8,19,99,100,100,15,10,3,9
4,8,100,12,100,7,2,13,4
6,3,6,100,100,4,14,14,5
1,6,99,100,100,6,3,2,13
8,15,100,11,100,17,7,13,9
3,19,100,11,100,19,13,14,6
4,6,7,100,100,10,6,1,3
2,6,100,16,100,13,4,1,10
6,6,99,100,100,19,13,14,4
2,4,99,100,100,16,15,2,5
6,3,100,13,100,4,2,6,5
4,3,100,100,22,1,5,15,13
2,5,3,100,100,2,13,13,10
8,3,100,11,100,13,4,13,8
2,8,1,13,100,15,10,13,6
2,6,1,100,100,15,11,2,5
9,5,100,100,21,19,9,3,5
4,6,3,13,100,13,5,3,5
4,15,2,100,100,18,17,3,7
2,5,100,16,100,19,11,8,5
1,13,5,100,100,1,3,13,6
6,5,7,100,100,1,12,8,4
1,6,1,100,100,19,9,8,3
4,5,1,100,100,14,8,13,5
4,3,99,100,100,4,11,13,4
6,3,1,13,100,19,11,1,5
3,12,100,16,100,4,15,10,5
3,12,1,100,100,1,14,6,8
6,4,1,100,100,13,15,8,3
1,17,100,13,100,13,2,6,13
4,19,2,100,100,1,17,13,10
4,11,99,100,100,9,8,11,7
1,18,7,100,100,1,8,13,6
4,19,3,100,100,15,13,14,6
2,5,2,100,100,13,13,12,3
4,5,2,100,100,14,6,1,5
8,3,3,100,100,19,10,14,9
2,19,99,100,100,14,10,3,9
10,4,7,13,100,13,11,4,5
1,17,100,16,100,1,11,9,5
4,9,3,100,100,3,10,14,10
4,3,1,100,100,19,16,13,9
2,6,1,100,100,19,10,11,4
4,2,100,100,100,2,13,13,3
4,17,100,100,100,17,9,1,3
2,5,8,100,100,13,12,7,10
4,9,99,100,100,7,9,7,3
4,5,1,100,100,17,10,13,3
6,6,99,100,100,1,1,7,12
1,12,7,100,100,15,5,1,6
1,2,1,100,100,6,16,1,3
4,3,1,100,100,15,9,15,13
9,5,5,100,100,19,9,13,5
2,5,99,100,100,4,4,13,7
4,12,100,100,100,19,11,1,7
4,6,99,100,100,7,4,6,8
4,3,3,13,100,4,9,13,3
4,3,100,13,100,1,13,1,12
3,2,2,100,100,6,11,8,2
1,3,1,100,100,2,13,13,10
1,9,7,100,100,9,11,12,6
4,5,4,100,100,19,13,13,11
1,6,99,100,100,4,13,9,10
3,1,99,100,100,8,4,14,5
6,5,99,100,100,18,8,8,3
1,6,100,11,100,6,17,3,5
4,2,99,100,100,19,17,12,2
1,18,7,100,21,9,2,2,1
3,12,100,100,21,19,5,7,10
4,1,3,100,100,19,9,8,3
3,3,100,11,100,4,15,1,5
4,1,99,100,100,13,10,10,3
1,3,100,100,21,17,9,6,6
4,5,1,13,100,15,4,13,13
3,12,7,100,100,17,1,6,6
5,19,1,100,100,1,12,2,4
3,5,1,100,100,4,13,1,6
2,2,99,100,100,17,8,8,3
1,12,1,100,100,19,9,9,8
3,15,1,100,100,9,9,2,3
10,5,1,100,100,19,9,13,11
8,5,99,100,100,1,13,1,3
6,9,99,100,100,13,13,8,10
1,6,100,15,100,15,5,5,3
2,3,100,16,100,19,10,14,6
6,14,6,16,100,13,16,13,5
4,19,99,100,100,15,9,8,5
9,6,100,12,100,6,19,15,6
4,19,100,11,100,11,9,1,5
4,12,6,13,100,19,13,13,5
2,4,99,100,100,13,8,1,3
4,19,100,13,23,3,19,13,5
6,5,2,100,100,19,2,2,7
2,13,100,11,100,2,7,13,1
4,12,99,100,100,19,5,14,10
1,4,1,100,100,13,6,6,5
1,6,3,100,100,6,13,14,3
1,6,1,100,100,19,9,2,6
10,5,1,100,100,6,16,13,3
3,12,2,100,100,4,9,3,5
9,4,3,100,100,13,16,3,2
8,6,7,100,100,1,9,13,7
1,6,6,100,100,17,11,1,5
4,5,1,100,100,19,11,1,4
6,5,6,100,100,6,11,13,4
5,15,99,100,100,17,10,13,6
4,19,100,12,100,17,6,13,3
1,6,1,100,100,13,13,2,5
3,1,100,100,100,14,1,8,3
9,18,7,100,100,14,13,1,12
4,19,3,100,100,15,13,1,5
1,6,5,100,100,6,2,6,12
5,19,99,100,100,3,9,1,5
4,9,99,100,100,11,7,13,5
10,3,1,100,100,15,10,1,9
1,6,6,100,100,15,9,8,3
3,12,1,100,100,17,9,14,3
3,12,9,100,100,17,13,2,3
2,8,1,100,100,19,10,2,9
1,6,7,100,100,13,4,8,10
4,3,5,100,100,17,10,1,5
1,4,7,100,100,8,14,7,10
10,2,99,100,100,19,13,1,5
4,9,1,100,100,19,9,14,6
3,9,1,100,100,13,2,7,10
6,6,1,100,100,1,9,13,4
4,3,100,100,100,4,13,10,9
1,3,3,100,100,15,13,1,5
6,8,6,100,100,17,1,1,8
2,3,100,11,100,4,10,13,6
4,9,1,100,100,3,7,4,1
1,7,6,100,100,14,13,4,11
9,4,2,100,100,6,4,1,5
10,12,99,100,100,12,9,10,9
2,17,99,100,100,4,8,12,4
6,5,1,100,100,1,13,8,3
1,17,99,100,100,13,5,2,9
3,3,4,100,100,7,6,2,4
4,19,1,100,100,1,16,8,6
9,6,100,100,100,1,1,13,12
1,14,1,100,100,14,6,7,9
4,19,9,100,100,17,7,9,1
5,19,100,13,100,17,13,13,10
4,9,7,100,100,13,13,13,7
2,3,1,12,100,15,10,13,6
4,18,6,13,100,7,2,7,10
4,19,99,100,100,3,13,7,6
1,4,100,15,100,9,13,10,12
9,3,100,100,22,15,9,13,9
2,9,6,100,100,12,11,4,9
9,5,1,100,100,1,13,1,5
9,6,1,100,100,1,8,13,12
4,1,100,100,23,11,4,8,3
3,3,2,100,100,14,4,3,3
2,14,99,100,100,19,3,5,11
4,6,100,11,100,19,11,3,9
8,6,100,15,100,13,11,8,3
2,17,7,100,100,14,9,1,6
9,4,7,100,100,18,7,6,9
3,9,2,100,100,14,9,1,5
1,6,5,100,100,6,11,2,9
3,12,100,100,100,16,2,10,6
1,3,2,100,100,4,13,1,5
2,10,1,100,100,4,9,6,4
3,13,1,100,22,17,5,10,11
1,5,1,100,100,17,9,1,9
1,6,99,100,100,16,10,3,10
1,2,1,100,100,1,13,1,3
2,6,1,100,100,13,11,3,4
3,6,1,100,100,4,14,6,13
10,10,6,100,100,1,13,1,7
4,1,1,100,100,13,4,7,10
6,4,99,100,100,15,13,8,6
4,9,1,100,100,14,9,1,5
4,9,100,16,100,17,13,1,5
1,4,2,100,100,1,10,14,6
6,8,1,100,100,15,9,13,6
4,1,1,100,100,11,13,2,10
4,19,100,11,100,1,2,3,1
3,19,99,100,100,4,8,13,11
1,4,1,16,100,6,4,6,4
4,9,2,100,100,19,13,13,5
6,19,99,100,100,19,9,8,5
4,5,1,100,100,19,9,11,5
10,3,7,100,100,8,17,3,2
4,19,100,14,100,15,13,13,5
3,19,7,100,100,2,1,12,5
1,15,1,100,100,18,13,3,2
1,17,99,100,100,6,9,14,6
6,9,7,100,100,11,6,3,1
1,2,99,100,100,17,13,13,5
2,6,3,100,100,19,9,1,6
1,4,7,100,100,9,13,3,10
4,12,100,13,100,14,9,13,3
1,6,1,100,100,6,5,8,6
1,5,6,100,100,1,4,3,10
2,5,1,100,100,16,9,5,1
1,13,3,100,100,14,9,1,6
1,12,6,100,100,15,13,2,5
1,6,2,100,100,12,12,8,10
1,6,100,13,100,13,13,13,5
1,15,99,100,100,17,16,1,5
1,6,7,100,100,6,12,14,5
4,10,6,100,100,3,9,1,5
6,5,1,100,100,19,13,11,3
6,5,99,100,100,6,9,1,3
4,1,7,16,100,15,11,1,5
4,3,1,100,100,15,19,11,10
1,6,100,11,100,6,17,3,3
1,6,2,100,100,15,11,1,10
4,9,7,13,100,18,6,1,6
2,17,1,100,100,9,14,1,9
3,19,100,100,21,1,4,1,10
4,3,5,100,100,4,13,13,5
1,9,100,16,100,4,16,2,5
3,7,100,100,100,6,6,2,2
1,3,1,100,100,4,6,8,3
6,9,99,100,100,19,6,8,5
8,6,1,100,100,12,4,5,10
2,9,6,100,100,20,13,15,13
4,19,100,100,100,14,1,1,5
2,6,99,100,100,2,11,1,5
4,2,6,100,100,19,10,11,4
4,10,1,100,100,4,16,12,2
2,10,2,100,100,1,11,2,10
1,4,100,13,100,13,13,7,10
4,5,100,13,100,6,4,2,5
1,3,99,100,100,10,3,10,4
4,9,100,11,100,15,4,1,4
1,19,8,100,100,11,13,13,5
1,3,6,100,100,14,17,1,5
3,3,99,100,100,4,16,5,9
1,2,7,100,100,15,7,1,6
4,1,1,11,23,11,7,4,7
3,13,100,100,100,17,12,3,3
1,6,99,100,100,17,6,12,5
4,10,2,100,100,15,10,14,5
2,6,2,15,100,1,13,7,4
4,9,1,100,100,4,18,11,3
4,1,1,100,100,17,15,14,6
9,6,1,16,100,2,12,3,3
1,6,1,13,100,1,14,1,6
10,5,2,100,100,17,9,13,5
5,19,1,100,100,11,18,12,9
4,1,100,15,100,2,19,8,5
2,9,2,100,100,2,11,13,11
3,18,100,13,100,14,6,7,3
2,15,1,13,100,17,13,13,9
4,1,100,100,100,8,10,5,3
1,4,100,100,22,20,19,2,13
2,5,5,100,100,16,11,2,6
1,6,99,100,100,15,8,10,11
4,19,7,14,100,12,7,3,1
2,3,99,100,100,19,13,14,6
3,12,7,100,100,14,11,13,9
3,19,3,100,100,3,13,13,5
9,6,1,100,100,9,1,6,5
10,20,100,15,100,17,16,13,5
6,5,5,100,100,15,4,13,10
4,15,99,100,100,13,6,8,11
1,4,100,13,100,18,2,1,6
1,6,99,100,100,6,13,1,5
1,6,5,100,100,13,13,13,3
2,5,100,14,100,7,16,2,10
3,19,7,100,100,9,18,8,9
3,2,7,100,100,8,9,4,1
10,3,7,100,100,15,12,13,3
2,9,100,15,100,11,7,13,1
1,2,1,100,100,15,13,8,3
1,6,100,11,100,19,9,1,4
6,15,100,12,100,17,13,8,5
6,5,1,100,100,4,15,7,6
1,9,99,100,100,11,9,9,1
1,6,2,100,100,8,1,7,5
1,6,1,100,100,15,9,11,4
2,2,1,100,100,1,9,7,10
6,8,1,100,100,4,11,13,5
4,2,1,100,100,4,9,7,6
9,2,100,100,100,6,9,8,3
3,12,99,100,100,1,8,13,6
9,15,1,100,100,15,13,13,5
5,6,99,100,100,9,8,6,9
4,3,99,100,100,15,11,8,12
1,4,8,100,100,8,14,2,3
6,19,100,100,23,17,10,13,6
3,12,1,100,100,13,11,13,5
1,6,1,100,100,13,13,6,10
6,17,99,100,100,13,13,6,11
6,10,100,100,22,17,2,13,7
3,3,1,100,100,13,4,15,5
4,19,2,100,100,2,4,13,5
9,5,100,13,100,13,11,13,5
6,5,100,13,100,15,15,11,4
1,6,6,100,100,6,13,5,12
1,13,99,100,100,1,3,3,5
3,17,99,100,100,9,6,14,5
9,15,1,100,100,11,18,3,5
10,3,1,100,100,4,17,15,4
1,18,99,100,100,4,8,8,10
1,8,7,100,100,8,10,9,4
4,6,7,100,100,17,13,11,5
1,1,99,100,100,6,9,1,3
2,16,1,100,100,15,11,13,10
1,1,1,100,100,6,17,13,3
7,1,2,100,100,1,6,11,5
3,11,1,100,100,6,3,2,7
1,9,100,100,100,8,13,4,5
10,6,100,13,100,17,7,9,1
4,19,1,13,100,15,9,1,9
3,13,99,100,100,10,5,2,1
1,15,5,100,100,18,1,4,7
2,11,2,100,100,4,13,10,4
4,12,7,100,100,15,11,14,6
6,5,5,100,100,17,16,1,5
1,15,1,100,100,11,11,13,5
8,6,1,100,100,13,10,14,10
1,6,3,100,100,9,9,13,4
6,5,1,100,100,9,2,7,10
10,9,1,100,100,17,11,13,4
2,5,7,100,100,8,3,2,3
1,12,7,100,100,6,12,1,3
9,5,1,100,100,19,9,2,3
6,5,6,100,100,15,13,14,13
4,15,99,100,100,4,18,12,6
1,6,1,100,100,13,16,1,3
8,6,1,100,100,6,17,6,5
2,5,1,100,100,13,10,6,5
4,3,100,16,100,15,13,13,6
3,9,2,100,100,3,15,6,4
5,6,100,13,100,19,11,1,6
1,19,99,100,100,13,13,10,3
1,11,99,100,100,4,13,13,6
1,9,1,100,100,13,10,7,10
3,6,99,100,100,13,16,3,3
1,9,1,13,100,15,9,7,5
2,5,1,100,100,14,15,11,5
10,5,99,100,100,17,10,7,10
1,3,2,100,100,13,13,13,6
9,6,99,100,100,13,13,5,6
9,6,6,100,100,6,13,5,4
9,2,100,11,100,15,15,11,2
2,3,99,100,100,1,10,13,3
9,4,6,100,100,13,13,1,5
10,6,99,100,100,17,13,12,4
1,4,100,15,100,13,12,7,10
6,5,7,100,100,1,13,13,5
1,4,7,100,100,8,1,9,5
4,4,1,100,100,13,10,13,6
3,8,1,13,100,17,2,2,12
1,6,2,100,100,6,16,2,4
9,15,7,13,100,18,16,7,6
9,5,99,100,100,15,8,14,6
2,14,5,100,100,16,5,6,10
6,5,1,100,100,19,13,13,4
6,2,7,100,100,19,5,1,3
1,5,1,100,100,17,9,7,12
2,5,1,100,100,13,5,1,5
6,3,100,13,100,19,12,6,10
1,6,1,100,100,19,9,2,5
10,5,1,100,100,17,13,13,5
1,6,1,100,100,18,17,8,2
6,5,99,100,100,17,13,13,3
4,4,99,100,100,19,11,1,6
4,9,100,12,100,4,10,5,1
2,3,100,100,100,13,7,8,2
4,13,99,100,100,17,13,12,6
6,5,99,100,100,15,13,1,3
1,12,1,100,100,19,11,14,6
1,12,99,100,100,16,13,13,3
6,15,7,100,100,13,4,7,10
5,7,1,100,100,4,4,11,2
3,7,6,100,100,16,3,8,4
6,5,7,100,100,13,4,7,12
4,19,1,100,100,3,9,8,9
8,18,1,13,100,6,17,3,2
3,15,1,100,100,13,6,10,4
9,6,99,100,100,17,9,3,3
9,6,7,13,100,6,16,12,3
1,2,2,100,100,15,11,13,3
1,2,99,100,100,13,11,8,3
1,18,99,100,100,15,4,11,4
3,14,2,100,100,19,14,1,3
10,17,99,100,100,17,8,3,7
9,6,99,100,100,13,8,2,4
1,10,99,100,100,9,13,4,8
9,6,100,100,100,17,3,7,7
1,10,3,100,100,9,15,2,2
4,5,99,100,100,19,8,7,5
1,17,99,100,100,19,14,4,2
2,6,1,100,100,2,4,7,6
4,5,100,100,23,14,6,10,3
6,5,1,100,100,4,17,1,9
5,2,1,100,100,8,12,12,8
2,4,1,100,100,9,2,7,10
1,6,1,100,100,10,3,2,3
3,12,2,100,100,6,17,9,2
1,6,1,100,100,15,13,13,11
2,18,100,100,100,4,18,5,3
4,5,1,100,100,1,6,1,3
9,4,6,12,100,13,1,13,12
5,15,99,100,100,13,17,10,11
2,15,1,100,100,6,6,13,3
10,9,7,13,100,13,14,7,10
1,4,99,100,100,13,4,6,10
4,5,2,100,100,13,11,5,10
4,13,100,100,100,4,2,1,11
6,5,2,100,100,19,13,14,12
4,12,7,100,100,15,9,13,5
4,5,1,100,100,15,9,1,5
2,5,2,100,100,9,13,7,6
3,16,100,100,100,18,1,9,7
1,5,1,100,100,4,4,7,12
3,4,100,100,100,2,11,13,5
3,5,1,100,100,1,13,6,4
8,6,99,100,100,4,12,13,3
4,3,99,100,100,15,18,9,6
3,10,1,100,100,17,1,2,11
1,17,100,100,100,6,10,1,2
1,6,99,100,100,18,10,1,3
4,10,7,100,100,5,1,4,11
1,15,7,100,100,6,5,7,8
6,9,1,100,100,3,13,13,5
1,4,1,100,100,10,6,14,7
8,3,1,100,100,15,13,13,5
1,9,1,100,100,6,13,2,2
1,6,1,100,100,15,13,13,10
4,6,1,100,100,2,13,6,5
1,5,7,100,100,13,13,13,6
10,20,99,100,100,15,13,13,5
6,8,1,100,100,15,8,6,8
4,13,100,100,22,15,2,1,6
3,16,6,100,100,9,4,4,11
1,5,100,13,100,2,6,5,3
1,6,1,13,100,13,16,12,2
4,12,2,100,100,19,9,13,6
2,5,99,100,100,4,9,2,3
8,14,99,100,100,17,10,1,5
10,6,6,100,100,6,13,6,12
2,5,99,100,100,1,13,1,3
4,1,99,100,100,4,4,4,1
6,16,99,100,100,17,19,15,4
2,8,1,100,100,1,9,10,3
1,6,1,100,100,6,19,12,4
3,6,99,100,100,6,8,1,1
8,12,1,100,100,18,17,3,2
3,5,1,100,100,16,2,9,5
2,6,7,100,100,5,14,12,6
9,6,99,100,100,1,2,7,5
4,18,100,15,100,15,6,4,4
4,3,99,100,100,19,15,1,3
3,12,2,100,100,14,9,1,5
4,15,1,100,100,18,9,1,3
1,18,1,100,100,4,11,13,1
1,5,100,100,100,13,11,1,4
4,1,1,100,100,19,13,1,10
1,6,1,100,100,6,4,8,2
5,12,99,100,100,18,16,10,9
9,4,100,100,23,6,4,8,3
6,15,99,100,100,1,8,14,10
4,4,100,13,100,1,4,3,5
6,8,100,13,100,1,13,13,3
8,11,99,100,100,13,1,9,7
1,6,1,100,100,13,13,14,5
6,3,1,100,100,6,5,1,5
2,10,99,100,100,17,16,11,4
1,9,99,100,100,15,11,3,3
8,3,100,15,100,15,9,13,3
2,6,100,13,100,1,16,10,5
1,15,100,15,22,13,4,1,7
1,2,99,100,100,8,17,2,3
9,4,99,100,100,16,4,13,7
6,19,99,100,100,17,11,12,2
3,12,1,100,100,17,9,14,5
8,9,3,100,100,1,10,8,3
1,6,1,100,100,13,14,4,3
3,12,99,100,100,4,13,13,6
3,12,99,100,100,8,7,10,12
4,6,1,100,100,13,9,1,5
3,5,6,100,100,20,19,15,13
7,10,1,100,21,19,13,13,13
10,3,1,100,100,15,16,7,10
4,9,1,100,100,15,3,13,6
4,5,1,100,100,19,10,8,3
7,19,1,100,100,18,13,8,9
2,2,1,100,100,16,13,13,4
10,4,100,14,100,13,9,1,3
4,1,7,100,100,4,4,13,11
9,6,7,100,100,6,13,13,9
1,5,6,100,23,13,4,2,6
2,6,7,100,100,6,16,15,3
7,15,1,100,100,6,9,2,5
8,9,99,100,100,19,9,2,3
1,6,2,100,100,14,16,13,3
1,1,99,100,100,15,9,9,5
1,5,99,100,100,13,13,7,8
8,5,1,100,100,15,2,7,5
3,3,7,100,100,2,6,10,7
4,19,7,100,100,3,17,3,7
1,6,1,100,100,1,11,1,5
8,12,100,11,100,17,12,1,5
2,9,1,13,100,15,14,7,5
4,6,7,100,100,14,4,13,9
6,7,7,100,100,15,10,8,7
4,13,99,100,100,12,12,6,1
6,9,1,100,100,4,2,8,11
6,3,99,100,100,19,4,14,6
1,2,1,100,100,14,4,6,10
4,12,99,100,100,11,4,9,5
3,14,99,100,100,12,3,8,2
1,5,100,13,100,14,11,10,3
6,13,99,100,100,1,6,7,8
6,5,2,14,100,19,12,13,3
1,6,99,100,100,3,15,2,4
4,3,1,100,100,4,9,13,5
6,18,1,13,100,8,2,2,7
8,5,99,100,100,17,11,2,3
1,6,2,100,100,15,11,13,8
1,10,1,100,100,1,13,13,3
1,6,1,100,100,13,2,1,12
4,5,99,100,100,15,10,8,5
4,9,7,100,100,10,10,3,11
1,6,99,100,100,17,9,13,10
1,12,100,13,100,17,8,7,11
2,5,1,100,100,1,13,13,5
5,15,7,100,100,16,7,11,1
2,3,99,100,100,14,16,12,2
3,6,100,15,100,14,1,11,7
10,12,2,100,100,2,4,1,3
6,11,1,100,100,13,4,7,10
4,10,99,100,100,19,18,12,9
1,6,1,100,100,4,13,1,5
1,9,99,100,100,15,11,6,5
2,5,1,100,100,19,9,7,6
1,6,6,100,100,4,11,2,3
3,6,99,100,100,6,17,7,11
1,6,99,100,100,1,12,11,3
1,17,2,100,100,19,11,2,6
1,6,1,100,100,17,10,13,5
1,1,1,100,100,13,4,3,5
1,2,2,100,100,14,13,13,5
2,4,7,100,100,9,2,7,7
1,8,1,100,100,15,11,1,6
1,6,100,11,100,7,2,7,10
6,8,1,100,100,13,2,7,10
1,18,7,100,100,2,2,1,3
6,5,1,100,100,1,11,8,7
4,6,1,100,100,4,6,1,5
4,13,1,100,100,17,16,3,11
6,3,1,100,100,15,2,7,8
8,19,99,100,100,19,6,8,9
10,6,100,15,100,17,17,11,4
3,9,3,100,100,11,13,8,7
3,1,100,11,100,12,18,12,6
1,6,1,13,100,1,13,14,6
8,18,7,100,100,7,8,2,3
4,5,1,100,100,17,8,15,5
1,6,2,100,100,9,7,9,7
2,6,99,100,100,17,9,3,5
9,6,7,100,100,6,5,5,10
1,3,100,13,100,6,2,1,6
4,1,100,13,100,15,4,1,6
1,6,100,100,21,6,16,3,6
4,5,1,100,100,18,5,10,7
1,5,6,100,100,15,13,1,5
5,19,100,13,100,1,13,14,4
3,4,7,100,100,7,5,7,10
4,6,100,12,100,15,15,12,2
1,5,2,100,100,4,12,7,9
6,15,2,100,22,1,13,14,10
9,2,7,100,100,4,6,1,5
1,6,1,16,100,17,9,13,5
4,9,100,13,100,19,8,13,5
1,6,99,100,100,19,11,13,11
1,4,7,100,100,19,13,1,2
4,10,100,11,100,17,7,10,12
1,6,99,100,100,17,6,1,9
9,6,1,100,100,4,13,2,10
1,4,7,100,100,16,10,8,3
2,5,2,100,100,6,2,7,11
3,6,1,100,100,17,16,12,3
8,9,3,100,100,15,13,2,8
2,5,99,100,100,13,4,13,11
3,12,1,100,100,1,13,11,4
1,10,99,100,100,14,2,1,4
1,11,3,100,100,1,13,3,11
3,6,1,100,100,1,13,14,5
2,3,1,100,100,17,13,13,6
4,3,1,100,100,6,11,13,6
4,6,99,100,100,1,8,1,10
